"Município","ibge","latitude","longitude","/Transportes/Número de Acidentes Fatais/Total 2007 (-)","/Transportes/Número de Acidentes Fatais/Total 2008 (-)","/Transportes/Número de Acidentes Fatais/Total 2009 (-)","/Transportes/Número de Acidentes Fatais/Total 2010 (-)","/Transportes/Número de Acidentes Fatais/Total 2011 (-)","/Transportes/Número de Acidentes Fatais/Total 2012 (-)","/Transportes/Número de Acidentes Fatais/Total 2013 (-)"
"Água Santa","4300059","-28.167200000000","-52.030999999990","-","1","2","1","-","1","-"
"Agudo","4300109","-29.644700000000","-53.251500000000","3","4","-","6","2","5","1"
"Ajuricaba","4300208","-28.234200000000","-53.775700000000","-","-","1","1","2","-","2"
"Alecrim","4300307","-27.657900000000","-54.764899999990","-","1","2","-","1","-","-"
"Alegrete","4300406","-29.790199999990","-55.794899999990","7","12","12","7","9","6","8"
"Alegria","4300455","-27.834499999990","-54.055700000000","1","-","1","-","-","2","-"
"Almirante Tamandaré do Sul","4300471","-28.108599999990","-52.911900000000","-","-","-","-","-","2","3"
"Alpestre","4300505","-27.250200000000","-53.034100000000","-","3","1","1","1","1","1"
"Alvorada","4300604","-29.991399999990","-51.080900000000","13","13","13","11","12","7","12"
"Amaral Ferrador","4300638","-30.875599999990","-52.250999999990","-","-","-","1","1","1","1"
"Ametista do Sul","4300646","-27.360700000000","-53.183000000000","-","-","-","1","2","2","1"
"André da Rocha","4300661","-28.628299999990","-51.579700000000","-","-","-","1","-","-","-"
"Anta Gorda","4300703","-28.969799999990","-52.010199999990","1","-","-","-","-","-","1"
"Antônio Prado","4300802","-28.856500000000","-51.288300000000","5","1","2","1","1","2","7"
"Arambaré","4300851","-30.909300000000","-51.504600000000","1","-","-","1","1","1","1"
"Araricá","4300877","-29.616800000000","-50.929099999990","2","1","2","-","2","3","3"
"Aratiba","4300901","-27.397800000000","-52.297499999990","-","1","-","-","-","1","1"
"Arroio do Meio","4301008","-29.401399999990","-51.955700000000","2","6","5","6","5","2","5"
"Arroio do Sal","4301057","-29.543900000000","-49.889499999990","6","3","2","3","4","2","2"
"Arroio do Tigre","4301206","-29.334800000000","-53.096600000000","2","4","1","2","2","1","2"
"Arroio dos Ratos","4301107","-30.087500000000","-51.727499999990","1","4","1","4","5","-","1"
"Arroio Grande","4301305","-32.232700000000","-53.086199999990","1","2","3","3","1","2","3"
"Arvorezinha","4301404","-28.873699999990","-52.178100000000","1","-","-","1","2","3","1"
"Augusto Pestana","4301503","-28.517299999990","-53.988300000000","1","1","1","2","2","2","2"
"Áurea","4301552","-27.693600000000","-52.050500000000","-","-","-","-","-","1","-"
"Bagé","4301602","-31.329699999990","-54.099899999990","10","10","14","8","5","12","8"
"Balneário Pinhal","4301636","-30.241900000000","-50.233600000000","4","2","1","1","1","-","4"
"Barão","4301651","-29.372500000000","-51.494900000000","1","1","-","2","2","-","1"
"Barão de Cotegipe","4301701","-27.620799999990","-52.379800000000","-","-","-","-","3","1","1"
"Barão do Triunfo","4301750","-30.389099999990","-51.738399999990","-","1","1","1","-","-","1"
"Barra do Guarita","4301859","-27.192699999990","-53.710900000000","-","-","-","-","1","1","-"
"Barra do Quaraí","4301875","-30.202900000000","-57.549700000000","-","1","-","-","-","-","-"
"Barra do Ribeiro","4301909","-30.293900000000","-51.301400000000","8","5","2","2","11","4","2"
"Barra do Rio Azul","4301925","-27.406800000000","-52.408400000000","1","-","-","-","-","-","-"
"Barra Funda","4301958","-27.920500000000","-53.039099999990","2","1","1","1","-","-","-"
"Barracão","4301800","-27.673900000000","-51.458599999990","-","1","-","2","1","1","2"
"Barros Cassal","4302006","-29.094700000000","-52.583599999990","-","-","-","2","2","4","4"
"Benjamin Constant do Sul","4302055","-27.508600000000","-52.599499999990","-","-","-","-","1","-","2"
"Bento Gonçalves","4302105","-29.166200000000","-51.516500000000","14","13","26","22","14","16","16"
"Boa Vista das Missões","4302154","-27.667100000000","-53.310200000000","1","1","2","1","-","3","3"
"Boa Vista do Buricá","4302204","-27.669300000000","-54.108199999990","4","1","2","2","1","1","1"
"Boa Vista do Cadeado","4302220","-28.571600000000","-53.813800000000","1","-","1","-","-","1","1"
"Boa Vista do Incra","4302238","-28.809200000000","-53.387400000000","-","-","-","1","-","-","-"
"Boa Vista do Sul","4302253","-29.354399999990","-51.668700000000","-","2","2","2","-","3","-"
"Bom Jesus","4302303","-28.669699999990","-50.429499999990","1","2","-","3","-","3","1"
"Bom Princípio","4302352","-29.485600000000","-51.354799999990","6","7","3","5","2","4","3"
"Bom Progresso","4302378","-27.539899999990","-53.871600000000","-","-","-","-","-","1","2"
"Bom Retiro do Sul","4302402","-29.608599999990","-51.946399999990","-","4","2","-","-","1","-"
"Boqueirão do Leão","4302451","-29.304600000000","-52.428400000000","-","-","1","-","1","-","-"
"Bossoroca","4302501","-28.729099999990","-54.903500000000","1","3","-","3","1","-","2"
"Bozano","4302584","-28.367460000000","-53.772239999990","-","1","1","4","2","-","1"
"Braga","4302600","-27.617300000000","-53.740499999990","-","-","-","1","-","-","-"
"Brochier","4302659","-29.550100000000","-51.594499999990","-","-","1","-","2","1","-"
"Butiá","4302709","-30.117899999990","-51.960099999990","3","-","1","3","5","2","3"
"Caçapava do Sul","4302808","-30.514399999990","-53.482700000000","3","9","8","6","7","5","7"
"Cacequi","4302907","-29.888300000000","-54.822000000000","1","1","2","-","2","1","1"
"Cachoeira do Sul","4303004","-30.033000000000","-52.892800000000","9","15","12","14","11","7","19"
"Cachoeirinha","4303103","-29.947199999990","-51.101599999990","8","9","10","9","11","11","12"
"Cacique Doble","4303202","-27.766999999990","-51.659700000000","-","2","1","1","4","3","1"
"Caibaté","4303301","-28.290500000000","-54.645400000000","-","1","2","1","1","-","-"
"Caiçara","4303400","-27.279100000000","-53.425699999990","-","-","-","2","-","1","-"
"Camaquã","4303509","-30.848900000000","-51.804299999990","9","12","11","13","10","12","11"
"Camargo","4303558","-28.588000000000","-52.200299999990","1","-","-","2","1","2","-"
"Cambará do Sul","4303608","-29.047400000000","-50.146500000000","-","1","-","3","3","1","1"
"Campestre da Serra","4303673","-28.792600000000","-51.094099999990","2","1","1","2","2","2","2"
"Campina das Missões","4303707","-27.988800000000","-54.841700000000","2","1","1","1","1","1","-"
"Campinas do Sul","4303806","-27.717400000000","-52.624800000000","1","1","-","3","1","2","-"
"Campo Bom","4303905","-29.674700000000","-51.060600000000","10","10","12","11","12","10","10"
"Campo Novo","4304002","-27.679200000000","-53.805199999990","-","-","2","1","-","1","1"
"Campos Borges","4304101","-28.887100000000","-53.000799999990","-","-","3","-","1","-","1"
"Candelária","4304200","-29.668399999990","-52.789499999990","8","8","4","12","15","7","11"
"Cândido Godói","4304309","-27.951499999990","-54.751700000000","-","-","-","2","4","2","1"
"Candiota","4304358","-31.551500000000","-53.677300000000","1","3","3","4","1","2","4"
"Canela","4304408","-29.356000000000","-50.811900000000","5","2","3","5","1","4","4"
"Canguçu","4304507","-31.396000000000","-52.678199999990","7","5","9","11","8","7","10"
"Canoas","4304606","-29.912800000000","-51.185699999990","33","36","38","37","27","38","33"
"Canudos do Vale","4304614","-29.318700000000","-52.234499999990","1","-","-","-","1","-","-"
"Capão Bonito do Sul","4304622","-29.764199999990","-50.028199999990","1","1","-","2","-","1","1"
"Capão da Canoa","4304630","-29.639700000000","-49.959899999990","6","11","10","8","9","6","6"
"Capão do Cipó","4304655","-28.904000000000","-54.700000000000","2","-","-","-","1","-","-"
"Capão do Leão","4304663","-31.756499999990","-52.488900000000","9","3","5","8","6","4","6"
"Capela de Santana","4304689","-29.696100000000","-51.328000000000","3","2","1","3","2","1","1"
"Capitão","4304697","-29.267399999990","-51.985300000000","-","-","-","-","1","-","-"
"Capivari do Sul","4304671","-30.138200000000","-50.515099999990","1","2","4","3","3","3","5"
"Caraá","4304713","-29.786899999990","-50.431600000000","1","2","1","1","-","1","-"
"Carazinho","4304705","-28.295800000000","-52.793300000000","12","16","11","12","14","21","9"
"Carlos Barbosa","4304804","-29.296900000000","-51.502899999990","5","5","3","9","7","4","4"
"Casca","4304903","-28.560500000000","-51.981499999990","4","4","2","5","7","7","5"
"Caseiros","4304952","-28.258199999990","-51.686100000000","1","-","3","2","1","3","3"
"Catuípe","4305009","-28.255400000000","-54.013199999990","1","2","1","1","1","1","1"
"Caxias do Sul","4305108","-29.162900000000","-51.179200000000","45","57","57","64","55","52","50"
"Centenário","4305116","-27.761600000000","-51.998399999990","-","-","1","-","-","-","-"
"Cerrito","4305124","-31.841899999990","-52.800400000000","1","1","-","-","2","2","2"
"Cerro Branco","4305132","-29.657000000000","-52.940600000000","1","1","1","1","-","-","1"
"Cerro Grande do Sul","4305173","-30.590499999990","-51.741799999990","-","-","2","1","5","-","1"
"Cerro Largo","4305207","-28.146200000000","-54.742800000000","1","7","1","6","-","2","1"
"Chapada","4305306","-28.055900000000","-53.066499999990","2","-","1","2","-","3","1"
"Charqueadas","4305355","-29.962500000000","-51.628900000000","5","1","4","5","4","4","1"
"Charrua","4305371","-27.949300000000","-52.015000000000","-","-","-","1","-","-","1"
"Chiapetta","4305405","-27.922999999990","-53.941899999990","1","1","-","1","1","-","-"
"Chuí","4305439","-33.686599999990","-53.459400000000","-","-","-","-","-","1","4"
"Chuvisca","4305447","-30.750399999990","-51.973700000000","-","-","-","-","2","-","1"
"Cidreira","4305454","-30.160399999990","-50.233800000000","-","-","4","1","6","4","8"
"Ciríaco","4305504","-28.341899999990","-51.874099999990","3","2","-","3","1","3","2"
"Colinas","4305587","-29.381499999990","-51.852600000000","2","-","1","-","1","-","2"
"Colorado","4305603","-28.525800000000","-52.992800000000","-","-","1","-","-","2","-"
"Condor","4305702","-28.207500000000","-53.490499999990","2","-","2","2","-","1","-"
"Constantina","4305801","-27.731999999990","-52.993800000000","2","1","3","3","2","1","3"
"Coronel Barros","4305871","-28.392199999990","-54.068600000000","1","-","1","-","1","2","2"
"Coronel Bicaco","4305900","-27.719700000000","-53.702199999990","4","2","4","4","2","3","1"
"Coronel Pilar","4305934","-29.268400000000","-51.687899999990","-","-","-","-","1","-","-"
"Cotiporã","4305959","-28.989100000000","-51.697099999990","-","-","1","1","3","2","-"
"Coxilha","4305975","-28.128000000000","-52.302300000000","-","1","-","3","3","3","1"
"Crissiumal","4306007","-27.499900000000","-54.099400000000","1","-","1","1","1","1","1"
"Cristal","4306056","-31.004600000000","-52.043599999990","-","2","4","12","1","1","3"
"Cristal do Sul","4306072","-27.452000000000","-53.242199999990","1","-","-","1","1","-","1"
"Cruz Alta","4306106","-28.645000000000","-53.604799999990","10","13","7","15","8","12","13"
"Cruzaltense","4306130","-27.664400000000","-52.649200000000","-","-","-","-","-","1","-"
"Cruzeiro do Sul","4306205","-29.514800000000","-51.992800000000","3","2","1","1","1","4","2"
"David Canabarro","4306304","-28.384899999990","-51.848199999990","1","2","1","1","-","1","-"
"Derrubadas","4306320","-27.264199999990","-53.864500000000","-","-","-","-","1","-","-"
"Dezesseis de Novembro","4306353","-28.219000000000","-55.061700000000","-","-","-","-","-","1","1"
"Dilermando de Aguiar","4306379","-29.705400000000","-54.212200000000","-","-","-","1","-","-","1"
"Dois Irmãos","4306403","-29.583600000000","-51.089799999990","9","9","4","8","4","11","5"
"Dois Lajeados","4306452","-28.983000000000","-51.839599999990","-","1","1","2","1","-","1"
"Dom Feliciano","4306502","-30.700399999990","-52.102600000000","-","1","2","-","-","2","-"
"Dom Pedrito","4306601","-30.975600000000","-54.669400000000","5","2","3","4","5","5","4"
"Dom Pedro de Alcântara","4306551","-29.363900000000","-49.853000000000","1","-","-","-","1","2","1"
"Dona Francisca","4306700","-29.619499999990","-53.361699999990","-","1","1","-","-","-","-"
"Doutor Maurício Cardoso","4306734","-27.510300000000","-54.357799999990","3","-","2","-","-","1","-"
"Doutor Ricardo","4306759","-29.084000000000","-51.997100000000","-","-","1","-","-","-","-"
"Eldorado do Sul","4306767","-30.084700000000","-51.618699999990","7","8","7","12","11","8","12"
"Encantado","4306809","-29.235099999990","-51.870300000000","9","2","5","7","5","4","3"
"Encruzilhada do Sul","4306908","-30.542999999990","-52.520400000000","5","3","4","8","8","4","6"
"Engenho Velho","4306924","-27.706000000000","-52.914499999990","-","1","-","-","-","-","-"
"Entre Rios do Sul","4306957","-27.529800000000","-52.734699999990","-","-","-","-","-","1","1"
"Entre-ijuís","4306932","-28.368600000000","-54.268599999990","5","3","2","3","1","4","2"
"Erebango","4306973","-27.854399999990","-52.300500000000","-","1","1","1","-","1","1"
"Erechim","4307005","-27.636399999990","-52.269700000000","16","19","18","19","16","11","14"
"Ernestina","4307054","-28.497699999990","-52.583599999990","1","2","1","-","2","2","3"
"Erval Grande","4307203","-27.392600000000","-52.573999999990","-","-","2","3","2","-","-"
"Erval Seco","4307302","-27.544300000000","-53.500500000000","1","-","-","3","-","-","1"
"Esmeralda","4307401","-28.051800000000","-51.193300000000","2","2","-","-","-","1","-"
"Esperança do Sul","4307450","-27.360299999990","-53.989100000000","-","-","-","-","-","1","-"
"Espumoso","4307500","-28.728600000000","-52.846100000000","1","-","-","1","1","1","-"
"Estação","4307559","-27.913499999990","-52.263500000000","1","1","1","3","2","1","-"
"Estância Velha","4307609","-29.653500000000","-51.184300000000","7","5","3","8","7","6","6"
"Esteio","4307708","-29.852000000000","-51.184100000000","8","6","3","19","8","11","9"
"Estrela","4307807","-29.501600000000","-51.960500000000","7","10","10","11","9","6","11"
"Estrela Velha","4307815","-29.171299999990","-53.163899999990","-","-","-","1","1","1","1"
"Eugênio de Castro","4307831","-28.531500000000","-54.150599999990","-","-","2","-","1","-","1"
"Fagundes Varela","4307864","-28.879400000000","-51.701400000000","-","-","1","-","-","1","-"
"Farroupilha","4307906","-29.222700000000","-51.341900000000","20","14","17","20","27","29","19"
"Faxinal do Soturno","4308003","-29.578800000000","-53.448399999990","-","2","1","2","3","2","3"
"Faxinalzinho","4308052","-27.423800000000","-52.678899999990","-","-","1","-","-","1","-"
"Fazenda Vilanova","4308078","-29.588500000000","-51.821700000000","4","5","3","4","3","2","8"
"Feliz","4308102","-29.452700000000","-51.303199999990","2","-","5","8","6","8","-"
"Flores da Cunha","4308201","-29.026199999990","-51.187500000000","4","8","5","8","13","8","6"
"Fontoura Xavier","4308300","-28.981600000000","-52.344499999990","3","2","1","3","5","6","2"
"Formigueiro","4308409","-30.003499999990","-53.495899999990","1","1","1","-","1","1","2"
"Forquetinha","4308433","-29.379200000000","-52.091700000000","-","2","-","2","1","-","1"
"Frederico Westphalen","4308508","-27.358599999990","-53.395800000000","7","7","4","9","7","10","9"
"Garibaldi","4308607","-29.259000000000","-51.535200000000","11","6","4","10","8","13","12"
"Garruchos","4308656","-28.194400000000","-55.638300000000","-","-","-","-","-","2","-"
"Gaurama","4308706","-27.585599999990","-52.091500000000","-","1","-","3","1","1","1"
"General Câmara","4308805","-29.903199999990","-51.761200000000","-","1","1","2","-","3","-"
"Gentil","4308854","-28.431600000000","-52.033700000000","-","1","-","-","-","1","-"
"Getúlio Vargas","4308904","-27.891100000000","-52.229399999990","5","3","2","6","4","6","4"
"Giruá","4309001","-28.029699999990","-54.351700000000","2","1","3","3","2","6","1"
"Glorinha","4309050","-29.879799999990","-50.773400000000","2","-","-","6","2","1","3"
"Gramado","4309100","-29.373300000000","-50.876199999990","5","4","5","4","7","8","8"
"Gramado dos Loureiros","4309126","-27.442900000000","-52.914900000000","-","-","-","-","1","2","2"
"Gramado Xavier","4309159","-29.270600000000","-52.579500000000","-","1","1","1","2","-","1"
"Gravataí","4309209","-29.941299999990","-50.986899999990","31","34","46","31","36","45","53"
"Guabiju","4309258","-28.542100000000","-51.694800000000","-","-","-","-","1","-","1"
"Guaíba","4309308","-30.108599999990","-51.323300000000","11","20","13","14","12","14","14"
"Guaporé","4309407","-28.839900000000","-51.889499999990","1","4","4","5","-","6","6"
"Guarani das Missões","4309506","-28.149100000000","-54.562899999990","1","-","6","2","3","1","3"
"Harmonia","4309555","-29.545600000000","-51.418500000000","-","2","1","-","1","-","1"
"Herval","4307104","-32.024000000000","-53.394399999990","-","1","-","-","-","-","-"
"Herveiras","4309571","-29.455200000000","-52.655299999990","-","-","-","1","2","1","2"
"Horizontina","4309605","-27.628200000000","-54.305300000000","2","1","1","2","2","8","-"
"Hulha Negra","4309654","-31.406700000000","-53.866700000000","1","-","-","1","-","-","1"
"Humaitá","4309704","-27.569099999990","-53.969499999990","2","1","1","-","-","1","-"
"Ibarama","4309753","-29.420300000000","-53.129500000000","-","2","-","-","-","-","-"
"Ibiaçá","4309803","-28.056600000000","-51.859900000000","2","4","2","1","1","3","1"
"Ibiraiaras","4309902","-28.374099999990","-51.637700000000","1","2","2","1","2","2","3"
"Ibirapuitã","4309951","-28.624700000000","-52.515799999990","1","-","1","1","-","-","2"
"Ibirubá","4310009","-28.630199999990","-53.096100000000","1","3","2","4","4","6","6"
"Igrejinha","4310108","-29.569299999990","-50.791899999990","6","11","6","15","10","8","14"
"Ijuí","4310207","-28.388100000000","-53.920000000000","8","11","17","14","18","22","10"
"Ilópolis","4310306","-28.928200000000","-52.125799999990","1","-","-","-","1","1","-"
"Imbé","4310330","-29.975300000000","-50.128100000000","6","4","5","5","2","4","4"
"Imigrante","4310363","-29.350800000000","-51.774700000000","1","1","-","-","-","2","-"
"Independência","4310405","-27.835400000000","-54.188600000000","1","1","-","1","1","3","1"
"Inhacorá","4310413","-27.875200000000","-54.015000000000","-","-","-","1","-","-","1"
"Ipê","4310439","-28.817100000000","-51.285899999990","1","4","6","5","2","1","6"
"Ipiranga do Sul","4310462","-27.940400000000","-52.427100000000","-","1","1","-","1","-","-"
"Iraí","4310504","-27.195100000000","-53.254300000000","-","2","3","1","1","4","1"
"Itaara","4310538","-29.601299999990","-53.772500000000","1","-","2","2","3","1","3"
"Itacurubi","4310553","-28.791300000000","-55.244700000000","-","-","1","-","-","-","2"
"Itapuca","4310579","-28.776800000000","-52.169300000000","1","-","-","1","-","1","1"
"Itaqui","4310603","-29.131000000000","-56.551499999990","2","6","2","9","2","5","6"
"Itati","4310652","-29.488320000000","-50.113579999990","1","1","1","-","2","1","2"
"Itatiba do Sul","4310702","-27.384599999990","-52.453800000000","-","-","-","1","-","-","1"
"Ivorá","4310751","-29.523199999990","-53.584200000000","-","-","1","-","-","-","-"
"Ivoti","4310801","-29.599499999990","-51.153300000000","4","2","2","5","7","3","4"
"Jaboticaba","4310850","-27.634699999990","-53.276200000000","-","1","1","1","-","1","2"
"Jacutinga","4310900","-27.729099999990","-52.537199999990","-","1","1","1","2","-","1"
"Jaguarão","4311007","-32.560400000000","-53.377000000000","2","3","4","5","2","1","2"
"Jaguari","4311106","-29.493600000000","-54.703000000000","-","3","3","2","5","3","1"
"Jaquirana","4311122","-28.881100000000","-50.363700000000","-","-","-","1","-","1","-"
"Jari","4311130","-29.292200000000","-54.223700000000","-","1","-","-","-","-","-"
"Jóia","4311155","-28.643500000000","-54.114100000000","1","1","1","2","-","-","1"
"Júlio de Castilhos","4311205","-29.229800000000","-53.677199999990","6","3","4","7","2","4","5"
"Lagoa Bonita do Sul","4311239","-29.488199999990","-53.013800000000","-","1","-","-","-","-","-"
"Lagoa dos Três Cantos","4311270","-28.567599999990","-52.861800000000","1","1","-","-","1","-","-"
"Lagoa Vermelha","4311304","-28.209299999990","-51.524799999990","7","3","6","9","4","9","5"
"Lagoão","4311254","-29.234800000000","-52.799700000000","1","-","-","-","-","-","-"
"Lajeado","4311403","-29.459099999990","-51.964399999990","23","29","20","8","21","16","19"
"Lajeado do Bugre","4311429","-27.691299999990","-53.181800000000","-","-","1","-","1","1","1"
"Lavras do Sul","4311502","-30.807099999990","-53.893099999990","-","-","-","3","-","1","1"
"Liberato Salzano","4311601","-27.600999999990","-53.075299999990","-","1","1","-","-","-","-"
"Lindolfo Collor","4311627","-29.585899999990","-51.214100000000","-","-","-","1","-","3","-"
"Linha Nova","4311643","-29.467900000000","-51.200299999990","-","1","-","-","-","-","-"
"Maçambará","4311718","-29.144500000000","-56.067399999990","-","-","-","-","1","-","1"
"Machadinho","4311700","-27.566700000000","-51.666800000000","2","-","-","-","1","1","1"
"Mampituba","4311734","-29.213600000000","-49.931100000000","-","-","-","-","-","1","-"
"Manoel Viana","4311759","-29.585899999990","-55.484099999990","1","-","1","-","1","3","-"
"Maquiné","4311775","-29.679800000000","-50.207900000000","4","6","4","6","6","2","4"
"Maratá","4311791","-29.545700000000","-51.557299999990","1","-","1","-","-","-","1"
"Marau","4311809","-28.449800000000","-52.198599999990","7","8","9","9","9","7","5"
"Marcelino Ramos","4311908","-27.467600000000","-51.909500000000","3","-","2","1","-","1","1"
"Mariana Pimentel","4311981","-30.353100000000","-51.580300000000","-","3","-","1","-","-","-"
"Mariano Moro","4312005","-27.356800000000","-52.146700000000","-","-","-","-","1","-","-"
"Marques de Souza","4312054","-29.331099999990","-52.097299999990","-","-","3","3","5","1","5"
"Mata","4312104","-29.564900000000","-54.464100000000","1","-","-","1","-","2","1"
"Mato Castelhano","4312138","-28.280000000000","-52.193199999990","1","2","1","1","-","4","-"
"Mato Leitão","4312153","-29.528500000000","-52.127800000000","2","1","-","1","1","1","1"
"Mato Queimado","4312179","-28.247500000000","-54.619199999990","-","1","1","1","1","-","-"
"Maximiliano de Almeida","4312203","-27.632500000000","-51.802100000000","1","1","1","-","1","3","-"
"Minas do Leão","4312252","-30.134599999990","-52.042299999990","-","-","1","1","2","2","3"
"Miraguaí","4312302","-27.497000000000","-53.689100000000","2","2","1","-","4","3","-"
"Montauri","4312351","-28.646200000000","-52.076700000000","-","-","-","1","-","-","-"
"Monte Alegre dos Campos","4312377","-28.680499999990","-50.783400000000","1","-","1","-","1","-","-"
"Monte Belo do Sul","4312385","-29.160699999990","-51.633299999990","-","-","-","-","-","1","1"
"Montenegro","4312401","-29.682400000000","-51.467900000000","19","18","17","12","19","20","12"
"Mormaço","4312427","-28.696800000000","-52.699900000000","-","-","-","-","1","2","1"
"Morrinhos do Sul","4312443","-29.357800000000","-49.932800000000","-","1","-","-","1","1","-"
"Morro Redondo","4312450","-31.588699999990","-52.626100000000","2","1","-","1","1","3","3"
"Morro Reuter","4312476","-29.537900000000","-51.081099999990","2","1","-","-","3","2","3"
"Mostardas","4312500","-31.105399999990","-50.916699999990","1","-","-","6","4","5","2"
"Muçum","4312609","-29.163000000000","-51.871400000000","2","3","1","3","-","1","2"
"Muitos Capões","4312617","-28.313199999990","-51.183599999990","1","1","3","-","1","2","1"
"Muliterno","4312625","-28.325299999990","-51.769700000000","1","-","-","-","-","-","-"
"Não-Me-Toque","4312658","-28.454799999990","-52.818199999990","3","3","-","9","4","7","5"
"Nicolau Vergueiro","4312674","-28.529800000000","-52.467599999990","-","-","-","-","-","1","1"
"Nonoai","4312708","-27.368900000000","-52.775599999990","1","5","2","-","3","6","8"
"Nova Alvorada","4312757","-28.682200000000","-52.163100000000","-","-","-","2","-","-","1"
"Nova Araçá","4312807","-28.653700000000","-51.745800000000","3","-","1","-","-","-","1"
"Nova Bassano","4312906","-28.729099999990","-51.707200000000","2","3","3","4","5","4","2"
"Nova Bréscia","4313003","-29.218200000000","-52.031900000000","-","1","-","1","-","1","-"
"Nova Candelária","4313011","-27.613700000000","-54.107399999990","1","-","-","1","-","-","-"
"Nova Esperança do Sul","4313037","-29.406600000000","-54.829300000000","1","2","-","-","-","-","-"
"Nova Hartz","4313060","-29.580700000000","-50.905099999990","2","3","4","6","3","3","3"
"Nova Pádua","4313086","-29.027500000000","-51.309800000000","-","1","-","-","-","-","-"
"Nova Palma","4313102","-29.471000000000","-53.468899999990","1","-","1","1","3","-","1"
"Nova Petrópolis","4313201","-29.374099999990","-51.113500000000","4","2","8","5","4","7","2"
"Nova Prata","4313300","-28.779900000000","-51.611300000000","4","5","3","5","7","5","4"
"Nova Ramada","4313334","-28.066700000000","-53.699199999990","-","-","1","-","-","1","-"
"Nova Roma do Sul","4313359","-28.988199999990","-51.409500000000","1","-","-","-","-","-","-"
"Nova Santa Rita","4313375","-29.852499999990","-51.283700000000","5","8","5","8","4","2","4"
"Novo Barreiro","4313490","-27.907699999990","-53.110300000000","1","2","1","1","1","2","1"
"Novo Cabrais","4313391","-29.733799999990","-52.948900000000","6","4","-","-","1","1","2"
"Novo Hamburgo","4313409","-29.687600000000","-51.132800000000","38","38","36","40","33","24","31"
"Novo Machado","4313425","-27.576499999990","-54.503599999990","1","-","-","-","2","3","1"
"Novo Tiradentes","4313441","-27.564900000000","-53.183700000000","-","1","2","-","1","-","-"
"Osório","4313508","-29.888100000000","-50.266700000000","14","2","10","14","11","11","16"
"Paim Filho","4313607","-27.707500000000","-51.762999999990","-","1","-","-","2","1","-"
"Palmares do Sul","4313656","-30.253499999990","-50.510300000000","3","5","3","2","2","4","4"
"Palmeira das Missões","4313706","-27.900600000000","-53.313400000000","7","7","5","5","6","5","5"
"Palmitinho","4313805","-27.359600000000","-53.558000000000","1","1","1","3","2","2","2"
"Panambi","4313904","-28.283300000000","-53.502299999990","4","2","9","10","10","8","11"
"Pantano Grande","4313953","-30.190100000000","-52.372900000000","6","4","3","3","3","2","1"
"Paraí","4314001","-28.596399999990","-51.789600000000","1","1","1","1","3","2","4"
"Paraíso do Sul","4314027","-29.671700000000","-53.143999999990","2","1","1","1","3","7","1"
"Pareci Novo","4314035","-29.636500000000","-51.397399999990","-","1","-","3","1","1","2"
"Parobé","4314050","-29.624300000000","-50.831200000000","6","7","12","6","12","9","8"
"Passa Sete","4314068","-29.457699999990","-52.959899999990","-","-","1","-","-","1","2"
"Passo do Sobrado","4314076","-29.748000000000","-52.274799999990","-","1","3","1","-","3","1"
"Passo Fundo","4314100","-28.257600000000","-52.409100000000","36","32","33","19","35","37","32"
"Paverama","4314159","-29.548500000000","-51.733899999990","-","-","3","1","-","1","2"
"Pedras Altas","4314175","-31.721699999990","-53.583799999990","-","-","-","-","-","1","-"
"Pedro Osório","4314209","-31.864200000000","-52.818399999990","1","4","5","1","1","6","4"
"Pejuçara","4314308","-28.428300000000","-53.657899999990","1","3","2","-","2","-","1"
"Pelotas","4314407","-31.764900000000","-52.337100000000","60","55","53","61","51","64","48"
"Picada Café","4314423","-29.446400000000","-51.136699999990","3","3","2","1","1","3","2"
"Pinhal","4314456","-27.507999999990","-53.208199999990","1","1","-","1","2","2","-"
"Pinhal Grande","4314472","-29.344999999990","-53.320700000000","-","-","-","-","-","-","1"
"Pinheirinho do Vale","4314498","-27.210899999990","-53.607999999990","-","1","-","-","1","2","1"
"Pinheiro Machado","4314506","-31.579400000000","-53.379800000000","-","1","-","-","-","3","1"
"Pirapó","4314555","-28.043900000000","-55.200099999990","-","-","-","-","-","1","-"
"Piratini","4314605","-31.447299999990","-53.097299999990","4","3","1","3","-","3","2"
"Planalto","4314704","-27.329699999990","-53.057500000000","1","-","1","2","3","1","3"
"Poço das Antas","4314753","-29.448100000000","-51.671900000000","-","-","-","1","-","1","-"
"Pontão","4314779","-28.058499999990","-52.679099999990","1","2","1","2","-","2","2"
"Portão","4314803","-29.701499999990","-51.242899999990","4","5","2","3","11","8","10"
"Porto Alegre","4314902","-30.032778000000","-51.230000000000","158","169","188","147","154","116","133"
"Porto Lucena","4315008","-27.856900000000","-55.009999999990","-","1","1","2","1","2","1"
"Porto Mauá","4315057","-27.579599999990","-54.665700000000","-","-","1","1","-","1","-"
"Porto Vera Cruz","4315073","-27.740500000000","-54.899400000000","-","-","-","-","1","-","-"
"Porto Xavier","4315107","-27.908200000000","-55.137900000000","-","1","-","1","4","-","1"
"Pouso Novo","4315131","-29.173800000000","-52.213600000000","1","2","2","4","4","3","4"
"Presidente Lucena","4315149","-29.517600000000","-51.179800000000","-","1","1","1","1","2","2"
"Progresso","4315156","-29.244199999990","-52.319699999990","-","-","1","1","-","-","3"
"Protásio Alves","4315172","-28.757200000000","-51.475700000000","-","-","-","-","-","-","1"
"Putinga","4315206","-29.004500000000","-52.156900000000","-","1","1","-","-","2","-"
"Quaraí","4315305","-30.384000000000","-56.448300000000","2","2","-","1","7","2","3"
"Quatro Irmãos","4315313","-27.816299999990","-52.441899999990","-","-","-","-","1","-","-"
"Quevedos","4315321","-29.350400000000","-54.078899999990","1","-","-","-","-","-","-"
"Quinze de Novembro","4315354","-28.746500000000","-53.101100000000","-","-","1","2","-","-","-"
"Redentora","4315404","-27.664000000000","-53.640700000000","-","1","-","3","2","1","-"
"Relvado","4315453","-29.116399999990","-52.077800000000","-","-","-","1","-","-","-"
"Restinga Seca","4315503","-29.818800000000","-53.380699999990","3","3","6","6","7","5","4"
"Rio dos Índios","4315552","-27.297300000000","-52.841700000000","-","-","-","1","-","-","-"
"Rio Grande","4315602","-32.034900000000","-52.107100000000","24","37","42","34","29","35","45"
"Rio Pardo","4315701","-29.988000000000","-52.371099999990","4","4","5","6","6","10","8"
"Riozinho","4315750","-29.638999999990","-50.448799999990","-","-","-","-","3","-","-"
"Roca Sales","4315800","-29.288399999990","-51.865800000000","-","1","5","5","-","-","-"
"Rodeio Bonito","4315909","-27.474200000000","-53.170600000000","-","-","2","-","-","-","-"
"Rolante","4316006","-29.646200000000","-50.581899999990","2","7","1","3","4","2","9"
"Ronda Alta","4316105","-27.775800000000","-52.805599999990","4","1","1","5","1","4","2"
"Rondinha","4316204","-27.831499999990","-52.908099999990","1","1","1","3","1","-","3"
"Roque Gonzales","4316303","-28.129700000000","-55.026600000000","2","4","-","7","2","1","6"
"Rosário do Sul","4316402","-30.251500000000","-54.922100000000","4","5","5","10","7","9","6"
"Sagrada Família","4316428","-27.708500000000","-53.135100000000","-","-","-","1","1","1","3"
"Saldanha Marinho","4316436","-28.394100000000","-53.097000000000","1","-","-","-","-","-","1"
"Salto do Jacuí","4316451","-29.095099999990","-53.213299999990","1","2","4","1","1","2","1"
"Salvador das Missões","4316477","-28.123300000000","-54.837299999990","-","1","-","-","1","2","-"
"Salvador do Sul","4316501","-29.438600000000","-51.507700000000","1","1","1","3","1","2","-"
"Sananduva","4316600","-27.946999999990","-51.807899999990","5","3","1","5","4","3","3"
"Santa Bárbara do Sul","4316709","-28.365300000000","-53.250999999990","2","2","-","1","3","1","4"
"Santa Cecília do Sul","4316733","-28.153700000000","-51.929600000000","-","-","1","-","1","-","-"
"Santa Clara do Sul","4316758","-29.474699999990","-52.084299999990","-","1","-","1","1","-","-"
"Santa Cruz do Sul","4316808","-29.722000000000","-52.434300000000","29","16","19","25","21","21","24"
"Santa Margarida do Sul","4316972","-30.329599999990","-54.082299999990","1","-","1","-","3","-","-"
"Santa Maria","4316907","-29.686800000000","-53.814999999990","29","42","39","45","46","33","26"
"Santa Maria do Herval","4316956","-29.490200000000","-50.991900000000","-","1","-","-","-","-","-"
"Santa Rosa","4317202","-27.870200000000","-54.479599999990","14","8","11","17","10","12","11"
"Santa Vitória do Palmar","4317301","-33.524999999990","-53.371699999990","7","6","5","8","7","8","7"
"Santana da Boa Vista","4317004","-30.869700000000","-53.109999999990","4","-","1","2","6","3","3"
"Santana do Livramento","4317103","-30.887699999990","-55.531500000000","7","7","10","9","9","13","8"
"Santiago","4317400","-29.189699999990","-54.866599999990","4","5","3","6","9","7","4"
"Santo Ângelo","4317509","-28.300100000000","-54.266800000000","10","5","10","12","11","11","9"
"Santo Antônio da Patrulha","4317608","-29.826799999990","-50.517499999990","7","13","14","14","10","14","16"
"Santo Antônio das Missões","4317707","-28.513999999990","-55.225099999990","-","1","3","1","-","1","1"
"Santo Antônio do Palma","4317558","-28.495600000000","-52.026699999990","-","-","-","-","-","1","-"
"Santo Antônio do Planalto","4317756","-28.403099999990","-52.699199999990","-","-","1","-","1","1","-"
"Santo Augusto","4317806","-27.852599999990","-53.777600000000","4","2","3","3","2","-","6"
"Santo Cristo","4317905","-27.826300000000","-54.661999999990","2","4","1","5","5","1","1"
"Santo Expedito do Sul","4317954","-27.907399999990","-51.643300000000","-","-","-","-","-","-","1"
"São Borja","4318002","-28.657800000000","-56.003599999990","6","8","13","10","18","8","9"
"São Domingos do Sul","4318051","-28.531199999990","-51.886000000000","1","-","-","1","-","-","-"
"São Francisco de Assis","4318101","-29.554700000000","-55.125300000000","2","2","1","-","-","1","4"
"São Francisco de Paula","4318200","-29.440400000000","-50.582799999990","7","10","7","10","6","10","8"
"São Gabriel","4318309","-30.333700000000","-54.321700000000","10","8","4","12","3","5","4"
"São Jerônimo","4318408","-29.971599999990","-51.725099999990","5","4","4","6","4","6","6"
"São João da Urtiga","4318424","-27.819500000000","-51.825699999990","-","1","1","-","1","2","2"
"São João do Polêsine","4318432","-29.619399999990","-53.443899999990","-","1","1","-","-","2","1"
"São José das Missões","4318457","-27.778900000000","-53.122599999990","1","-","1","2","-","-","1"
"São José do Herval","4318465","-29.052000000000","-52.295000000000","2","-","1","4","2","1","1"
"São José do Hortêncio","4318481","-29.527999999990","-51.245000000000","2","-","-","-","1","-","-"
"São José do Inhacorá","4318499","-27.725100000000","-54.127499999990","-","-","-","2","-","-","-"
"São José do Norte","4318507","-32.015099999990","-52.033099999990","3","3","1","5","9","4","3"
"São José do Ouro","4318606","-27.770700000000","-51.596600000000","1","1","1","-","3","-","1"
"São José do Sul","4318614","-29.529000000000","-51.487099999990","1","-","-","1","-","-","1"
"São José dos Ausentes","4318622","-28.747599999990","-50.067700000000","-","1","1","2","-","-","-"
"São Leopoldo","4318705","-29.754500000000","-51.149799999990","40","31","37","39","29","30","28"
"São Lourenço do Sul","4318804","-31.356400000000","-51.971499999990","4","4","14","6","9","5","7"
"São Luiz Gonzaga","4318903","-28.411999999990","-54.955900000000","5","10","7","12","15","7","8"
"São Marcos","4319000","-28.967700000000","-51.069600000000","1","1","5","2","3","1","2"
"São Martinho","4319109","-27.711200000000","-53.969900000000","1","2","4","1","2","-","3"
"São Miguel das Missões","4319158","-28.556000000000","-54.555900000000","1","1","-","2","1","1","1"
"São Nicolau","4319208","-28.183399999990","-55.265400000000","-","1","1","2","2","-","-"
"São Paulo das Missões","4319307","-28.019500000000","-54.940399999990","-","-","1","-","1","-","-"
"São Pedro da Serra","4319356","-29.419300000000","-51.513399999990","-","1","1","-","-","-","1"
"São Pedro do Butiá","4319372","-28.124300000000","-54.892600000000","-","-","-","2","1","-","-"
"São Pedro do Sul","4319406","-29.620200000000","-54.185499999990","2","4","5","6","2","3","1"
"São Sebastião do Caí","4319505","-29.588500000000","-51.374899999990","3","8","9","8","7","9","8"
"São Sepé","4319604","-30.164300000000","-53.560299999990","5","7","2","6","4","2","2"
"São Valentim","4319703","-27.558299999990","-52.523699999990","-","-","1","-","1","-","2"
"São Valentim do Sul","4319711","-29.045100000000","-51.768400000000","3","1","-","-","-","-","-"
"São Vendelino","4319752","-29.372900000000","-51.367500000000","2","1","2","-","1","1","1"
"São Vicente do Sul","4319802","-29.688199999990","-54.682600000000","3","-","1","5","5","1","3"
"Sapiranga","4319901","-29.634899999990","-51.006500000000","16","12","8","9","5","16","16"
"Sapucaia do Sul","4320008","-29.827600000000","-51.145000000000","29","22","20","21","26","16","22"
"Sarandi","4320107","-27.942000000000","-52.923099999990","3","6","6","6","9","5","10"
"Seberi","4320206","-27.482900000000","-53.402600000000","-","3","2","6","5","6","7"
"Sede Nova","4320230","-27.636700000000","-53.949300000000","-","-","-","-","1","-","-"
"Segredo","4320263","-29.352300000000","-52.976700000000","-","-","1","1","1","1","1"
"Selbach","4320305","-28.629400000000","-52.949800000000","3","-","1","-","2","4","1"
"Senador Salgado Filho","4320321","-28.025000000000","-54.550699999990","1","1","-","-","-","-","-"
"Sentinela do Sul","4320354","-30.610700000000","-51.586199999990","-","1","1","-","1","2","-"
"Serafina Corrêa","4320404","-28.712599999990","-51.935299999990","2","4","2","-","1","3","2"
"Sério","4320453","-29.390400000000","-52.268500000000","-","-","-","1","-","-","-"
"Sertão","4320503","-27.979800000000","-52.258800000000","1","3","4","1","1","-","2"
"Sertão Santana","4320552","-30.456199999990","-51.601700000000","1","-","-","-","1","1","-"
"Sete de Setembro","4320578","-28.136199999990","-54.463700000000","1","-","-","-","-","1","-"
"Severiano de Almeida","4320602","-27.436199999990","-52.121699999990","-","-","1","-","2","-","1"
"Sinimbu","4320677","-29.535699999990","-52.530500000000","1","1","2","-","1","-","4"
"Sobradinho","4320701","-29.419400000000","-53.032600000000","2","2","2","6","4","4","3"
"Soledade","4320800","-28.830600000000","-52.513100000000","4","7","4","9","7","11","5"
"Tabaí","4320859","-29.643000000000","-51.682299999990","3","4","4","5","-","5","4"
"Tapejara","4320909","-28.065200000000","-52.009700000000","2","3","3","8","1","3","4"
"Tapera","4321006","-28.627700000000","-52.861199999990","4","3","3","4","1","3","2"
"Tapes","4321105","-30.668299999990","-51.399099999990","7","4","5","4","11","3","7"
"Taquara","4321204","-29.650500000000","-50.775300000000","15","12","9","12","18","22","15"
"Taquari","4321303","-29.794300000000","-51.865299999990","4","7","6","5","8","4","5"
"Taquaruçu do Sul","4321329","-27.400400000000","-53.470300000000","-","-","3","1","-","1","1"
"Tavares","4321352","-31.284300000000","-51.088000000000","-","1","-","2","-","1","-"
"Tenente Portela","4321402","-27.371099999990","-53.758499999990","2","5","1","1","5","3","3"
"Terra de Areia","4321436","-29.578199999990","-50.064399999990","7","6","6","7","9","6","5"
"Teutônia","4321451","-29.448200000000","-51.804400000000","5","4","8","12","7","8","4"
"Tio Hugo","4321469","-28.574040000000","-52.594900000000","1","5","5","3","1","3","2"
"Tiradentes do Sul","4321477","-27.402200000000","-54.081400000000","-","1","1","2","-","3","1"
"Toropi","4321493","-29.478200000000","-54.224400000000","-","-","1","1","-","-","-"
"Torres","4321501","-29.333400000000","-49.733300000000","8","12","9","9","7","11","6"
"Tramandaí","4321600","-29.984100000000","-50.132199999990","8","8","5","7","10","8","9"
"Travesseiro","4321626","-29.297699999990","-52.053199999990","-","-","2","-","-","-","-"
"Três Arroios","4321634","-27.500299999990","-52.144799999990","1","2","-","-","1","2","-"
"Três Cachoeiras","4321667","-29.448699999990","-49.927500000000","7","7","6","9","4","4","6"
"Três Coroas","4321709","-29.513700000000","-50.773899999990","7","1","2","5","-","3","3"
"Três de Maio","4321808","-27.780000000000","-54.235700000000","6","3","1","8","5","9","4"
"Três Palmeiras","4321857","-27.613900000000","-52.843699999990","1","3","-","3","1","2","2"
"Três Passos","4321907","-27.455500000000","-53.929600000000","1","-","3","5","2","6","2"
"Trindade do Sul","4321956","-27.523900000000","-52.895600000000","1","-","1","-","1","1","1"
"Triunfo","4322004","-29.929099999990","-51.707500000000","9","16","9","5","5","12","7"
"Tucunduva","4322103","-27.657299999990","-54.443899999990","1","2","1","1","-","1","1"
"Tunas","4322152","-29.103899999990","-52.953800000000","-","-","-","-","1","-","1"
"Tupanci do Sul","4322186","-27.924099999990","-51.538300000000","-","-","-","1","-","-","-"
"Tupanciretã","4322202","-29.085799999990","-53.844499999990","3","2","3","3","1","3","2"
"Tupandi","4322251","-29.477200000000","-51.417400000000","-","-","3","-","1","2","-"
"Tuparendi","4322301","-27.759799999990","-54.481400000000","2","1","5","1","2","3","3"
"Turuçu","4322327","-31.417300000000","-52.170600000000","2","1","1","1","1","2","-"
"Ubiretama","4322343","-28.040400000000","-54.685899999990","1","-","-","-","-","-","-"
"Unistalda","4322376","-29.039999999990","-55.151699999990","-","-","-","-","-","2","-"
"Uruguaiana","4322400","-29.761399999990","-57.085299999990","18","22","16","14","13","12","15"
"Vacaria","4322509","-28.507899999990","-50.941800000000","13","4","13","13","18","15","16"
"Vale do Sol","4322533","-29.596699999990","-52.683900000000","5","4","3","3","1","3","3"
"Vale Real","4322541","-29.391900000000","-51.255899999990","3","1","2","2","5","6","-"
"Vale Verde","4322525","-29.786400000000","-52.185699999990","1","2","-","-","-","1","2"
"Venâncio Aires","4322608","-29.614300000000","-52.193199999990","21","15","11","17","15","16","13"
"Vera Cruz","4322707","-29.718399999990","-52.515200000000","4","6","4","6","6","11","7"
"Veranópolis","4322806","-28.931200000000","-51.551600000000","3","6","3","5","5","9","8"
"Vespasiano Correa","4322855","-29.065500000000","-51.862500000000","-","2","-","1","2","1","-"
"Viadutos","4322905","-27.571600000000","-52.021099999990","1","-","1","-","-","-","-"
"Viamão","4323002","-30.081900000000","-51.019399999990","25","23","26","34","45","37","30"
"Vicente Dutra","4323101","-27.160799999990","-53.402200000000","-","-","-","1","-","-","-"
"Victor Graeff","4323200","-28.563199999990","-52.749499999990","1","1","2","3","-","3","-"
"Vila Flores","4323309","-28.859800000000","-51.550400000000","-","-","-","1","-","1","2"
"Vila Lângaro","4323358","-28.106200000000","-52.143799999990","-","-","1","1","-","-","-"
"Vila Maria","4323408","-28.535900000000","-52.148699999990","-","-","4","3","1","2","3"
"Vila Nova do Sul","4323457","-30.346100000000","-53.875999999990","1","-","1","-","-","1","2"
"Vista Alegre","4323507","-27.368600000000","-53.491900000000","1","-","1","-","1","1","-"
"Vista Alegre do Prata","4323606","-28.805199999990","-51.794600000000","-","-","1","1","1","-","-"
"Vista Gaúcha","4323705","-27.290199999990","-53.697400000000","-","-","-","-","-","1","-"
"Vitória das Missões","4323754","-28.351600000000","-54.503999999990","2","1","-","3","3","2","3"
"Westfalia","4323770","-29.374400000000","-51.746299999990","1","1","1","3","2","-","1"
"Xangri-lá","4323804","-29.806500000000","-50.051900000000","3","2","6","5","8","4","1"
